{
    "accuracy": [
        0.15324385464191437,
        0.27069351077079773,
        0.43008947372436523,
        0.5503355860710144,
        0.6236017942428589,
        0.6705816388130188,
        0.7153244018554688,
        0.7533556818962097,
        0.7695749402046204,
        0.8076062798500061,
        0.8115212321281433,
        0.8663311004638672,
        0.8624160885810852,
        0.8624160885810852,
        0.9049217104911804,
        0.9194630980491638,
        0.9289709329605103,
        0.9149888157844543,
        0.936241626739502,
        0.9479866027832031,
        0.9390380382537842,
        0.9524608254432678,
        0.9541386961936951,
        0.9737136363983154,
        0.9675615429878235,
        0.9535794258117676,
        0.9519015550613403,
        0.9569351077079773,
        0.9809843301773071,
        0.9854586124420166
    ],
    "loss": [
        2.189000129699707,
        2.0046026706695557,
        1.6642613410949707,
        1.376271367073059,
        1.1192662715911865,
        0.9526599049568176,
        0.801324188709259,
        0.6828004121780396,
        0.6146495342254639,
        0.5280762910842896,
        0.5219625234603882,
        0.3893946409225464,
        0.3927691876888275,
        0.37793341279029846,
        0.3054150342941284,
        0.22822308540344238,
        0.19475199282169342,
        0.26431432366371155,
        0.17795582115650177,
        0.15173161029815674,
        0.17555861175060272,
        0.1378142386674881,
        0.14072656631469727,
        0.07885130494832993,
        0.10769365727901459,
        0.14294308423995972,
        0.1468658596277237,
        0.1344916671514511,
        0.05240236967802048,
        0.046459514647722244
    ],
    "val_accuracy": [
        0.21875,
        0.3794642984867096,
        0.5669642686843872,
        0.578125,
        0.6450892686843872,
        0.6607142686843872,
        0.7455357313156128,
        0.7410714030265808,
        0.7388392686843872,
        0.7455357313156128,
        0.8214285969734192,
        0.7857142686843872,
        0.7790178656578064,
        0.8236607313156128,
        0.8191964030265808,
        0.8415178656578064,
        0.8147321343421936,
        0.7946428656578064,
        0.8392857313156128,
        0.8348214030265808,
        0.8325892686843872,
        0.8504464030265808,
        0.8683035969734192,
        0.8638392686843872,
        0.8683035969734192,
        0.8147321343421936,
        0.8482142686843872,
        0.8571428656578064,
        0.8839285969734192,
        0.8392857313156128
    ],
    "val_loss": [
        2.068527936935425,
        1.8253594636917114,
        1.4614664316177368,
        1.2472676038742065,
        1.0962477922439575,
        1.005165457725525,
        0.8190140128135681,
        0.7926487922668457,
        0.7714599370956421,
        0.8507680892944336,
        0.6939806342124939,
        0.787720263004303,
        0.7311777472496033,
        0.6541808247566223,
        0.5987897515296936,
        0.6009659767150879,
        0.7711883187294006,
        0.718197762966156,
        0.6661261916160583,
        0.7334967851638794,
        0.6213146448135376,
        0.8976570963859558,
        0.640874445438385,
        0.7556161880493164,
        0.6797799468040466,
        0.8656219840049744,
        0.8524242043495178,
        0.6129751801490784,
        0.8061956763267517,
        0.955258309841156
    ]
}